{"cameraMode":{"drawMode":0,"name":"Shaded","section":"Shading Mode"},"sceneLighting":true,"audioPlay":false,"sceneViewState":{"m_AlwaysRefresh":false,"showFog":true,"showSkybox":true,"showFlares":true,"showImageEffects":true,"showParticleSystems":true,"showVisualEffectGraphs":true,"m_FxEnabled":true},"in2DMode":false,"pivot":{"x":0.17654943466186524,"y":0.027345508337020875,"z":0.13745293021202088},"rotation":{"x":0.21420489251613618,"y":0.7213754057884216,"z":-0.2543658912181854,"w":0.6074804663658142},"size":0.943304181098938,"orthographic":false}